company_id,week_start,mrr,arr,capital_ready_rule_score,ml_bad_outcome_probability_8w,ml_health_score,capital_ready_score,final_tier,final_credit_action,final_advance_rate,acceptance_rate,session_duration_change_pct,champion_user_rate,frustration_score,top_customer_concentration,mrr_change_pct
arx_002,2011-12-05,22118.2550875,265419.06105,92.0,0.13043030338618833,86.95696966138117,90.23,1,Advance eligible,0.875,0.8717470882609655,0.1380097815204803,0.4352277715856188,4.008670402060914,0.0,0.5656139039719259
arx_005,2011-12-05,5817.303249999999,69807.639,92.0,0.16382056376835272,83.61794362316472,89.07,1,Advance eligible,0.875,0.7213355429136665,0.1100196025658071,0.425670666467081,2.615042174872026,0.0,3.0
arx_069,2011-12-05,11377.0892125,136525.07055,77.5,0.16206098376472364,83.79390162352763,79.7,2,Monitor,0.75,0.7918852148281723,0.2721165209384917,0.4436005266956432,6.803541691547448,0.5319397093127579,0.15182004134958
arx_008,2011-12-05,3793.7933,45525.51959999999,68.1,0.11127529509881925,88.87247049011808,75.37,2,Monitor,0.75,0.7564617752884216,-0.032480046218457,0.4692949234940339,15.549076407808544,1.0,0.1094500970454348
arx_024,2011-12-05,12331.826925,147981.9231,81.66,0.41105508866516516,58.894491133483484,73.69,2,Monitor,0.75,0.8140158609605077,0.0551136594900709,0.4027006391749448,0.6365705425518176,0.4157986638052626,-0.1146635847021637
arx_006,2011-12-05,6500.608812499999,78007.30574999998,74.95,0.3026337417420546,69.73662582579453,73.13,2,Monitor,0.75,0.6732189804734948,-0.0374757842503297,0.4422120260461301,15.68306381939671,0.0,0.546741206543174
arx_061,2011-12-05,6654.8563125,79858.27575,64.11,0.15442342922328162,84.55765707767185,71.27,2,Monitor,0.75,0.7765243092573814,0.1268211431440069,0.383302864552099,13.888066767286984,0.8151062532139057,-0.5109372455479877
arx_043,2011-12-05,14036.294387499998,168435.53264999998,86.05,0.5707137062377077,42.92862937622923,70.96,2,Monitor,0.75,0.8303506714461688,0.1482046329051358,0.4398997255918094,7.932167838634191,0.2345861153236487,0.367318627876315
arx_031,2011-12-05,12753.05295,153036.63540000003,74.1,0.35719065341322576,64.28093465867742,70.66,2,Monitor,0.75,0.8624920548505831,-0.0258838157735691,0.4217976791771142,8.660421114995314,0.5354489671796537,0.0456683431765572
arx_049,2011-12-05,8496.4845625,101957.81475,66.1,0.2238238168207557,77.61761831792442,70.13,2,Monitor,0.75,0.8346318678774031,0.1907046786847253,0.4258774105146308,24.663346777114253,0.7156393613493154,0.2922654233894284
arx_074,2011-12-05,7844.234887499997,94130.81864999996,66.97,0.24349060662417005,75.650939337583,70.01,2,Monitor,0.75,0.851285316115818,-0.0574683827818843,0.4209478155123214,7.243007051695145,0.4149329947044202,-0.5890981758218874
arx_041,2011-12-05,15147.919187499998,181775.03025,75.46,0.4034784468725453,59.65215531274547,69.93,3,Review,0.575,0.8298800764580393,-0.1355758099451247,0.4054123337841019,7.446439083800921,0.3370712736588501,-0.027999177519804
arx_015,2011-12-05,8003.511724999999,96042.1407,68.21,0.33437041790740574,66.56295820925942,67.63,3,Review,0.575,0.7378992004434437,0.0127190175788076,0.4516933815487627,10.188857265645147,0.6877009774268522,-0.0664967242587296
arx_071,2011-12-05,21347.2457,256166.9484,87.24,0.6965877861962287,30.341221380377124,67.33,3,Review,0.575,0.7905789404965368,0.0712758463085323,0.380524877108009,2.629873834507615,0.2673654834428071,0.7191094191209659
arx_010,2011-12-05,14587.68575,175052.229,65.89,0.32482277147287275,67.51772285271272,66.46,3,Review,0.575,0.8136812492102391,-0.0351682615135067,0.3880062309338087,16.542977836015808,0.9616033665142903,0.0412817254258555
arx_017,2011-12-05,13754.9665,165059.598,69.29,0.4036120602516938,59.63879397483062,65.91,3,Review,0.575,0.8078937327102939,0.099841952263,0.3351631986783123,10.56818732520864,0.835105710261923,0.0112894363587574
arx_045,2011-12-05,11308.579424999994,135702.95309999993,68.16,0.39971480678685495,60.0285193213145,65.31,3,Review,0.575,0.7992324542127893,0.013633268575288,0.3705032562721504,18.668729232876014,0.4380090497737557,-0.2662550155443995
arx_044,2011-12-05,16027.44495,192329.3394,77.5,0.5799703509117685,42.002964908823145,65.08,3,Review,0.575,0.7332663739747338,0.0749503114079741,0.4244149229487485,6.57943248843161,0.5409302460454393,0.3547015217259568
arx_068,2011-12-05,7699.8505375,92398.20645,56.92,0.23045418113831942,76.95458188616806,63.93,3,Review,0.575,0.8179675836996317,-0.0622601778135005,0.4465269308003539,17.756441898346296,0.6135022413890938,-0.6084871140155965
arx_022,2011-12-05,12836.998349999998,154043.9802,76.05,0.5872869356782863,41.27130643217137,63.88,3,Review,0.575,0.8149365800162869,0.1346458283538616,0.3639463106857535,6.166322438501006,0.4789936880454122,-0.1595959308630739
arx_001,2011-12-05,12786.922225,153443.0667,58.71,0.28233080422950746,71.76691957704926,63.28,3,Review,0.575,0.7704975538330472,0.1325996991887987,0.391695373983196,21.208764523215585,1.0,-0.7368813035301334
arx_033,2011-12-05,14276.301325,171315.6159,62.86,0.38448902871355123,61.551097128644884,62.4,3,Review,0.575,0.7865576487376209,-0.0657937487515455,0.4239724141613634,12.198284347896138,0.3876658555621872,-0.1477159463860378
arx_050,2011-12-05,13497.17765,161966.1318,61.96,0.38509620779550596,61.4903792204494,61.8,3,Review,0.575,0.7941002872966971,-0.2237256896136045,0.445264526039387,13.87082762095348,0.3429428890646789,-0.1621750645959985
arx_047,2011-12-05,9774.490275,117293.8833,60.91,0.3663567368369606,63.364326316303945,61.77,3,Review,0.575,0.7395143725475335,-0.0581042666494378,0.4304554534445267,18.78320097174541,0.5953310403522469,-0.0437235183282128
arx_048,2011-12-05,10971.700712500002,131660.40855000002,68.16,0.5185602332948954,48.143976670510455,61.15,3,Review,0.575,0.8094632424286228,0.0171782173830858,0.3243486801017158,16.56712146900067,0.4707804891468816,-0.5096841997956315
arx_077,2011-12-05,20964.1144625,251569.37355,62.1,0.42151138449569325,57.84886155043068,60.61,3,Review,0.575,0.8724580275316269,-0.0540221067324291,0.4257775476404269,13.8195151759776,0.5722797404954788,1.11366424118701
arx_027,2011-12-05,17015.2046625,204182.45595,71.36,0.6054609925412056,39.453900745879444,60.19,3,Review,0.575,0.7554073508438324,-0.2232566751646407,0.4329344414218827,3.61445834947008,0.3030337078651685,-0.0730602172935355
arx_055,2011-12-05,10138.775075,121665.3009,68.16,0.5490607191163877,45.09392808836124,60.09,3,Review,0.575,0.8305968548779934,0.3159765010682358,0.3828478926927676,14.561713536645414,0.3601062013647181,-0.6216269682816951
arx_014,2011-12-05,15201.19975,182414.397,69.29,0.5777449184482598,42.22550815517402,59.82,3,Review,0.575,0.8182773713906777,0.0210885744346642,0.3334254367241612,17.284292052952836,0.7629387721414276,0.3494407624800275
arx_028,2011-12-05,14301.3068,171615.6816,77.84,0.7367021720385772,26.329782796142275,59.81,3,Review,0.575,0.7727552036643646,0.1028870229317759,0.3460490602168118,10.089697500774978,0.3048569437889106,0.0056608601665948
arx_067,2011-12-05,16059.358975,192712.3077,71.5,0.6337635339299434,36.623646607005654,59.29,3,Review,0.575,0.7614601562576602,-0.0550156074527281,0.4135826157933093,2.469926645477379,0.5179853714267766,0.0841835780605693
arx_057,2011-12-05,11233.085049999998,134797.0206,67.36,0.5976875669447631,40.23124330552369,57.86,3,Review,0.575,0.883937155192084,-0.1830389865341301,0.4202095085020292,15.183227215423685,0.3331293393348368,-0.198157675383333
arx_016,2011-12-05,9268.992975,111227.91569999998,60.07,0.46986241890608343,53.01375810939166,57.6,3,Review,0.575,0.7824631714501068,-0.2520866200632049,0.400454743683153,15.034768228300909,0.2850322963305871,-0.3347636440179152
arx_072,2011-12-05,13899.7527625,166797.03315,77.84,0.8101588160038088,18.98411839961912,57.24,3,Review,0.575,0.7735970470180006,0.0665223292861554,0.3526178667100924,15.822030716686454,0.3082707150472634,0.5347818264686832
arx_056,2011-12-05,16065.8113,192789.7356,80.05,0.8557577717581578,14.424222824184218,57.08,3,Review,0.575,0.8316262654316562,0.0946730057472091,0.420418627598479,12.006000901215009,0.3220522518950081,0.5069964021996411
arx_059,2011-12-05,12835.8252,154029.9024,66.65,0.6174929400516621,38.25070599483379,56.71,3,Review,0.575,0.7735618836972189,-0.1505088747048091,0.3459318559518644,6.942309244169657,0.4780473083780382,-0.0688505781544759
arx_062,2011-12-05,11031.6943,132380.33159999998,78.86,0.8646620563347088,13.533794366529117,56.0,3,Review,0.575,0.7568604552530047,0.4224239100715667,0.40677325926021,17.026012216942448,0.2153639457481831,-0.0491137429531539
arx_039,2011-12-05,8540.8687375,102490.42485,63.26,0.5764900728750406,42.35099271249594,55.94,3,Review,0.575,0.8047280397866969,-0.1865185950729367,0.3704851332982105,19.70737810899528,0.3186634130982367,-0.4413355861680873
arx_026,2011-12-05,16983.757724999996,203805.09269999995,74.65,0.7950669222473453,20.493307775265468,55.7,3,Review,0.575,0.8146610758818539,0.2742331709104586,0.4184206166152691,21.506257955753583,0.2556330258533422,1.0436860335925755
arx_012,2011-12-05,13590.8232625,163089.87915,62.1,0.5767202910748391,42.327970892516085,55.18,3,Review,0.575,0.841615419640898,-0.1411596564746197,0.4180102690705709,11.194918772898475,0.7705005167577144,0.3371418739259422
arx_064,2011-12-05,16383.246137499998,196598.95365,72.15,0.7732725606623432,22.67274393376568,54.83,4,Declined,0.0,0.7190375489975542,-0.0476592253257229,0.4742942804384268,17.125075736957438,0.3854714176967412,0.7130027882993646
arx_052,2011-12-05,17638.5383625,211662.46035,71.25,0.7617812226260824,23.821877737391763,54.65,4,Declined,0.0,0.737387970389846,-0.0169119595368423,0.4430253181446799,22.036904823218133,0.2915759124730885,0.3747359616245884
arx_023,2011-12-05,9553.48185,114641.7822,71.36,0.7735176446705241,22.64823553294759,54.31,4,Declined,0.0,0.7626209202592161,0.0302930172043973,0.40800295820976,21.193487663399868,0.2245530014408557,-0.0798377486527006
arx_053,2011-12-05,14593.24735,175118.9682,49.31,0.3760505271989187,62.39494728010813,53.89,4,Declined,0.0,0.7639948742165785,-0.1631808704387634,0.3487083236158218,20.16277433885569,0.5170141998209031,-0.3244398584164424
arx_075,2011-12-05,14390.563962500002,172686.76755000002,77.84,0.9156353660958391,8.436463390416094,53.55,4,Declined,0.0,0.8056351730009502,0.237621883123507,0.3886573458236671,15.527717318501734,0.3305344915003984,0.5282787277658383
arx_025,2011-12-05,18724.484212500003,224693.81055000005,74.65,0.8682100310474382,13.178996895256178,53.14,4,Declined,0.0,0.7699643224855124,0.0325874261883232,0.4289259843044303,22.560728313087285,0.2845856627884387,0.3393230089320682
arx_021,2011-12-05,12751.3475375,153016.17045,65.75,0.7243906132800435,27.56093867199565,52.38,4,Declined,0.0,0.8080770012582157,-0.002297161440937,0.3633523935234333,20.773681483041024,0.2788039922604713,-0.1219920283562541
arx_018,2011-12-05,5968.476662499998,71621.71994999998,49.31,0.426326413660228,57.3673586339772,52.13,4,Declined,0.0,0.7488500435713022,-0.1121588166831977,0.3266671094969088,22.8843460693562,0.7872157588577472,-0.5552755969243223
arx_076,2011-12-05,25062.2207,300746.64839999995,69.29,0.8106514726772299,18.934852732277008,51.67,4,Declined,0.0,0.8143051911427338,-0.0917327696443821,0.3950075488002631,3.3259690489624667,0.8400742894713654,1.436329999324188
arx_020,2011-12-05,7318.32695,87819.9234,55.25,0.5560570932230705,44.39429067769295,51.45,4,Declined,0.0,0.7473469208305443,-0.1590118308398075,0.3709526750105976,21.142341847241244,0.425611895413917,-0.1559342461497213
arx_032,2011-12-05,9975.4139375,119704.96725000002,65.25,0.7444016442043078,25.559835579569224,51.36,4,Declined,0.0,0.7110218507215295,-0.1615021645302189,0.4377469178576958,21.15382090000613,0.281150424167184,0.2166809974204644
arx_051,2011-12-05,11701.845375,140422.1445,56.35,0.583800352666915,41.6199647333085,51.19,4,Declined,0.0,0.6886112402113346,0.1514535460032089,0.3893695558299868,20.78128437439606,0.6261254257890349,-0.1448914712991295
arx_009,2011-12-05,4249.3991375,50992.78964999999,54.45,0.5517144267541323,44.82855732458677,51.08,4,Declined,0.0,0.6905863341819807,-0.0916105960851882,0.3135514758586359,19.68879228044947,0.5263733490367628,-0.0085258881344676
arx_073,2011-12-05,17223.2649875,206679.17985,66.15,0.7704634612499653,22.953653875003464,51.03,4,Declined,0.0,0.7116927585136681,-0.1918601665340759,0.4068763565674944,16.738138846863365,0.3940859861542941,0.2382552589325319
arx_070,2011-12-05,10174.230275,122090.7633,61.96,0.6972418061918073,30.275819380819268,50.87,4,Declined,0.0,0.785684921584782,-0.2253269171814155,0.4309333803025385,15.354054012681928,0.2836419361900701,-0.1738693644626531
arx_054,2011-12-05,11303.1699,135638.03879999998,55.25,0.5792798075880398,42.072019241196024,50.64,4,Declined,0.0,0.7929812095369508,-0.0863854220087194,0.3723592334529779,22.929751974780032,0.4772213429798779,-0.1737346579183285
arx_060,2011-12-05,11291.134249999996,135493.61099999998,67.26,0.8033628346453016,19.663716535469845,50.6,4,Declined,0.0,0.833349897644892,0.0043688073763963,0.355560824280385,29.15717767768352,0.2690408381888015,-0.2743040695689572
arx_036,2011-12-05,10154.808124999998,121857.69749999998,63.26,0.7425026898961425,25.749731010385744,50.13,4,Declined,0.0,0.8203747804227794,-0.1316534912457386,0.2865322217989098,13.629434139667534,0.2180877093920572,-0.3685792441997907
arx_019,2011-12-05,22966.344775,275596.13729999994,70.99,0.8907915522518582,10.920844774814176,49.97,4,Declined,0.0,0.8150310144771215,-0.0723289028363911,0.3759779980501642,10.903646321991976,0.1661400836264018,1.1866789396932431
arx_037,2011-12-05,20561.71315,246740.5578,72.44,0.9476051056859589,5.23948943140411,48.92,4,Declined,0.0,0.7017724121293272,0.1326952521308833,0.3276629436838774,24.336857500561624,0.2806576940256368,2.872276182605209
arx_011,2011-12-05,39634.36221249999,475612.3465499999,68.1,0.8893230902227233,11.067690977727674,48.14,4,Declined,0.0,0.7834410816681943,-0.1609508481290339,0.4235618420168969,6.311944011009624,0.8644446056736559,0.6187044359473619
arx_013,2011-12-05,10505.99275,126071.913,60.6,0.7517048602611744,24.829513973882555,48.08,4,Declined,0.0,0.7223739290838449,0.2340308523195442,0.3660421094384955,30.810874056717992,0.5080639396455496,-0.1609562451148025
arx_063,2011-12-05,13845.8964875,166150.75785,69.26,0.9212076109135352,7.87923890864648,47.78,4,Declined,0.0,0.7469063738331081,-0.0074871028101196,0.3578766839700503,16.418007804533257,0.241097586522798,-0.2142619375503163
arx_078,2011-12-05,18020.3661,216244.3932,65.25,0.8617329469232019,13.82670530767981,47.25,4,Declined,0.0,0.7878027189992874,-0.2516444853566492,0.4246085433192053,13.92492124092471,0.2338754412969446,0.856789172781526
arx_065,2011-12-05,14133.89395,169606.7274,68.44,0.9380271690335011,6.197283096649886,46.66,4,Declined,0.0,0.7688951508038913,-0.1004349842145243,0.3929370947472106,15.595614673552545,0.3325552626128622,0.4051796102926965
arx_007,2011-12-05,16160.619199999996,193927.43039999995,54.49,0.6983548045260757,30.16451954739243,45.98,4,Declined,0.0,0.7881440008262063,-0.1158715791290768,0.3766611197093837,22.473422479833104,0.9022706792474516,0.1003836473196091
arx_029,2011-12-05,9054.5455,108654.546,53.36,0.6897609017249026,31.023909827509744,45.54,4,Declined,0.0,0.7524009071404851,-0.1921701835976991,0.3997800417305319,22.8765851979467,0.4357104359774897,-0.3017386168969604
arx_040,2011-12-05,19030.01375,228360.165,59.89,0.8296394615916863,17.036053840831368,44.89,4,Declined,0.0,0.7654904131688773,-0.1964098239583002,0.3539081907969623,17.58485401810659,0.7564513993531262,0.172077800435674
arx_042,2011-12-05,18303.0518,219636.62159999995,60.29,0.8595058442076359,14.049415579236413,44.11,4,Declined,0.0,0.6967595214896964,-0.03082313326751,0.3734531895782977,24.44002996030541,0.4396929173592971,0.6919808005141281
arx_035,2011-12-05,16339.991662499997,196079.89994999996,59.89,0.8835009375105258,11.649906248947417,43.01,4,Declined,0.0,0.8115637143745001,-0.0759667852203036,0.3338083637627005,11.693437825572856,0.5397826086956522,0.0117923624073046
arx_038,2011-12-05,18258.363475,219100.3617,63.04,0.9504255067645981,4.957449323540186,42.71,4,Declined,0.0,0.789061407932335,-0.1748492892708564,0.3621301820817622,20.482114661500564,0.273773964990275,1.0792351349077944
arx_046,2011-12-05,16348.344925,196180.13910000003,58.54,0.8791571756981028,12.084282430189718,42.28,4,Declined,0.0,0.7482933621566416,-0.2139257114285829,0.3496181499729292,19.515418899992305,0.436540868232842,0.1480737866862358
arx_030,2011-12-05,20346.049075,244152.5889,60.6,0.9341004979204385,6.589950207956152,41.7,4,Declined,0.0,0.811931464206642,0.0123666317461412,0.3007435480864266,31.948699521269308,0.7406317975707073,-0.0634247663754684
arx_004,2011-12-05,21261.9642125,255143.57055,52.35,0.8114867629980353,18.851323700196467,40.63,4,Declined,0.0,0.6706269388215966,-0.0538845639136806,0.279094027744225,19.799728783787813,1.0,-0.1347132255784314
arx_066,2011-12-05,15428.128237499996,185137.53884999995,57.64,0.912210418856659,8.7789581143341,40.54,4,Declined,0.0,0.7251366489455742,-0.2389828493396041,0.3486518897028191,21.72146205526793,0.2629384407432014,0.4843239548780718
arx_034,2011-12-05,19011.873375,228142.4805,58.54,0.9367438238547456,6.325617614525436,40.26,4,Declined,0.0,0.7533104549783577,-0.1288752396514649,0.3674927913287191,20.63646326291817,0.4395051497573102,0.7652042274615565
arx_079,2011-12-05,12688.334175,152260.0101,57.64,0.9498470956377385,5.01529043622615,39.22,4,Declined,0.0,0.721134337479475,-0.3652436695035617,0.3975904045981897,21.07431308790442,0.2520334700661858,0.0913152463640294
arx_000,2011-12-05,24759.330749999997,297111.9689999999,43.91,0.7197725429131038,28.022745708689623,38.35,4,Declined,0.0,0.761024436747492,-0.2533060945818094,0.3392484836675768,30.005501047025827,1.0,-0.5736716916274989
arx_003,2011-12-05,183000.103,2196001.236,55.64,0.9999988459909382,0.00011540090617545573,36.17,4,Declined,0.0,0.6647128175198538,-0.0932720195814903,0.2867082136063916,15.533853438554775,1.0,0.0
arx_058,2011-12-05,11108.361825000002,133300.34190000003,46.95,0.9244426272854503,7.555737271454966,33.16,4,Declined,0.0,0.6582474532371403,-0.1403282615651392,0.3187301691824605,30.886707085515592,0.5690206423231873,-0.0564923274506762
